Datetime,Water Level (m)
2025-06-30 06:00:00,1.3385957
2025-06-30 07:00:00,1.6535808
2025-06-30 08:00:00,1.7104316
2025-06-30 09:00:00,1.4848818
2025-06-30 10:00:00,1.0084794
2025-06-30 11:00:00,0.39156264
2025-06-30 12:00:00,-0.19285902
2025-06-30 13:00:00,-0.63567585
2025-06-30 14:00:00,-0.8206611
2025-06-30 15:00:00,-0.6010302
2025-06-30 16:00:00,-0.11039566
2025-06-30 17:00:00,0.37837228
2025-06-30 18:00:00,0.8216038
2025-06-30 19:00:00,1.1517216
2025-06-30 20:00:00,1.2927481
2025-06-30 21:00:00,1.2457123
2025-06-30 22:00:00,1.0160654
2025-06-30 23:00:00,0.6093804
2025-07-01 00:00:00,0.13094519
2025-07-01 01:00:00,-0.2786994
2025-07-01 02:00:00,-0.5070973
2025-07-01 03:00:00,-0.4010271
2025-07-01 04:00:00,0.022679158
2025-07-01 05:00:00,0.5443195
2025-07-01 06:00:00,1.0367705
2025-07-01 07:00:00,1.4062289
2025-07-01 08:00:00,1.5834037
2025-07-01 09:00:00,1.5248026
2025-07-01 10:00:00,1.2619861
2025-07-01 11:00:00,0.81455135
2025-07-01 12:00:00,0.2952846
2025-07-01 13:00:00,-0.16028945
2025-07-01 14:00:00,-0.49859998
2025-07-01 15:00:00,-0.61053276
2025-07-01 16:00:00,-0.3944306
2025-07-01 17:00:00,0.020025047
2025-07-01 18:00:00,0.48543316
2025-07-01 19:00:00,0.9322635
2025-07-01 20:00:00,1.239056
2025-07-01 21:00:00,1.3546908
2025-07-01 22:00:00,1.2661959
2025-07-01 23:00:00,0.97871894
2025-07-02 00:00:00,0.5493974
2025-07-02 01:00:00,0.10937916
2025-07-02 02:00:00,-0.19725822
2025-07-02 03:00:00,-0.2816672
2025-07-02 04:00:00,-0.103304915
2025-07-02 05:00:00,0.23174135
2025-07-02 06:00:00,0.62621397
2025-07-02 07:00:00,1.0131251
2025-07-02 08:00:00,1.2850955
2025-07-02 09:00:00,1.4058225
2025-07-02 10:00:00,1.3346498
2025-07-02 11:00:00,1.0529822
2025-07-02 12:00:00,0.6173415
2025-07-02 13:00:00,0.16880265
2025-07-02 14:00:00,-0.20479731
2025-07-02 15:00:00,-0.44982243
2025-07-02 16:00:00,-0.4654241
2025-07-02 17:00:00,-0.22235204
2025-07-02 18:00:00,0.15647344
2025-07-02 19:00:00,0.5702659
2025-07-02 20:00:00,0.9188102
2025-07-02 21:00:00,1.1454476
2025-07-02 22:00:00,1.2243309
2025-07-02 23:00:00,1.1377171
2025-07-03 00:00:00,0.8895477
2025-07-03 01:00:00,0.5162912
2025-07-03 02:00:00,0.16542062
2025-07-03 03:00:00,-0.08247217
2025-07-03 04:00:00,-0.14223282
2025-07-03 05:00:00,0.0072958264
2025-07-03 06:00:00,0.29197696
2025-07-03 07:00:00,0.6479379
2025-07-03 08:00:00,0.9550999
2025-07-03 09:00:00,1.1554223
2025-07-03 10:00:00,1.2359475
2025-07-03 11:00:00,1.1574059
2025-07-03 12:00:00,0.8999529
2025-07-03 13:00:00,0.5556858
2025-07-03 14:00:00,0.18234318
2025-07-03 15:00:00,-0.11789327
2025-07-03 16:00:00,-0.29867873
2025-07-03 17:00:00,-0.29148042
2025-07-03 18:00:00,-0.066257335
2025-07-03 19:00:00,0.22867171
2025-07-03 20:00:00,0.54653835
2025-07-03 21:00:00,0.87441313
2025-07-03 22:00:00,1.099703
2025-07-03 23:00:00,1.1838053
2025-07-04 00:00:00,1.096292
2025-07-04 01:00:00,0.87351793
2025-07-04 02:00:00,0.564676
2025-07-04 03:00:00,0.27127868
2025-07-04 04:00:00,0.061631028
2025-07-04 05:00:00,-0.00898172
2025-07-04 06:00:00,0.08323561
2025-07-04 07:00:00,0.27985644
2025-07-04 08:00:00,0.5325786
2025-07-04 09:00:00,0.78944594
2025-07-04 10:00:00,0.9738539
2025-07-04 11:00:00,1.0284823
2025-07-04 12:00:00,0.9469011
2025-07-04 13:00:00,0.7355892
2025-07-04 14:00:00,0.42468756
2025-07-04 15:00:00,0.11359955
2025-07-04 16:00:00,-0.15563834
2025-07-04 17:00:00,-0.3160619
2025-07-04 18:00:00,-0.28467658
2025-07-04 19:00:00,-0.07402497
2025-07-04 20:00:00,0.22945425
2025-07-04 21:00:00,0.5660282
2025-07-04 22:00:00,0.8820443
2025-07-04 23:00:00,1.1144925
2025-07-05 00:00:00,1.1999153
2025-07-05 01:00:00,1.1370333
2025-07-05 02:00:00,0.9322185
2025-07-05 03:00:00,0.64512336
2025-07-05 04:00:00,0.3467744
2025-07-05 05:00:00,0.112913445
2025-07-05 06:00:00,-0.006616859
2025-07-05 07:00:00,0.03707089
2025-07-05 08:00:00,0.19098048
2025-07-05 09:00:00,0.38240746
2025-07-05 10:00:00,0.6163281
2025-07-05 11:00:00,0.8069476
2025-07-05 12:00:00,0.89540666
2025-07-05 13:00:00,0.8489416
2025-07-05 14:00:00,0.69702077
2025-07-05 15:00:00,0.424904
2025-07-05 16:00:00,0.11289815
2025-07-05 17:00:00,-0.16749844
2025-07-05 18:00:00,-0.33298907
2025-07-05 19:00:00,-0.31293064
2025-07-05 20:00:00,-0.10943345
2025-07-05 21:00:00,0.19406055
2025-07-05 22:00:00,0.5573021
2025-07-05 23:00:00,0.9179696
2025-07-06 00:00:00,1.1660472
2025-07-06 01:00:00,1.2661822
2025-07-06 02:00:00,1.2094624
2025-07-06 03:00:00,1.0127105
2025-07-06 04:00:00,0.706082
2025-07-06 05:00:00,0.3519667
2025-07-06 06:00:00,0.06405964
